,radiant_id,radiant_name,dire_id,dire_name,kills,radiant1,radiant2,radiant3,radiant4,radiant5,dire1,dire2,dire3,dire4,dire5,radiant_win
0,4.0,LGD.Forever Young,5.0,LGD-GAMING,76,3,30,15,65,103,88,58,74,114,12,1
1,32.0,iG.Vitality,4.0,LGD.Forever Young,45,107,45,8,65,85,112,7,51,92,1,1
2,4.0,LGD.Forever Young,32.0,iG.Vitality,65,107,64,63,39,29,68,84,35,20,16,1
5,5.0,LGD-GAMING,23.0,Invictus Gaming,68,31,43,7,69,40,41,84,20,66,6,0
6,5.0,LGD-GAMING,23.0,Invictus Gaming,61,107,65,64,18,49,62,87,13,54,106,0
7,44.0,TEAM MAX,15.0,VGJ Thunder,51,3,60,26,1,39,84,13,30,43,28,0
8,44.0,TEAM MAX,15.0,VGJ Thunder,65,7,36,27,8,97,31,69,100,43,40,0
12,79.0,Team Waooo,24.0,Eclipse,51,38,30,60,54,13,80,62,64,28,44,1
13,24.0,Eclipse,79.0,Team Waooo,61,3,64,84,12,108,65,62,78,85,72,0
14,58.0,Vici Gaming Potential,51.0,Team Braveheart,61,88,64,40,49,8,62,13,26,54,15,0
15,4.0,LGD.Forever Young,23.0,Invictus Gaming,18,107,43,50,55,12,84,20,92,94,38,1
16,44.0,TEAM MAX,23.0,Invictus Gaming,77,20,30,85,35,16,38,84,43,87,28,0
17,44.0,TEAM MAX,23.0,Invictus Gaming,49,20,84,92,13,49,112,85,30,39,81,0
20,58.0,Vici Gaming Potential,51.0,Team Braveheart,45,64,9,55,63,71,51,112,11,8,96,1
22,47.0,Newbee.Young,81.0,Team VDuoBao,53,38,40,51,65,4,64,30,16,109,39,1
24,5.0,LGD-GAMING,15.0,VGJ Thunder,62,7,13,87,106,56,28,90,97,44,70,0
26,81.0,Team VDuoBao,47.0,Newbee.Young,37,3,102,7,12,35,20,38,88,15,1,0
27,15.0,VGJ Thunder,5.0,LGD-GAMING,50,28,87,9,69,114,78,107,36,58,95,0
28,54.0,SG e-sports team,12.0,Newbee,37,9,50,62,55,42,53,16,87,39,8,1
30,59.0,Rock Gaming,30.0,ForTheDream,81,13,51,20,30,39,40,26,114,16,28,0
31,4.0,LGD.Forever Young,44.0,TEAM MAX,40,31,16,9,35,85,58,38,84,20,39,1
32,12.0,Newbee,54.0,SG e-sports team,43,16,85,86,15,74,53,71,70,112,46,1
33,44.0,TEAM MAX,4.0,LGD.Forever Young,33,84,38,92,42,35,16,68,43,78,67,0
34,54.0,SG e-sports team,12.0,Newbee,58,91,85,64,41,9,112,71,13,54,39,0
35,59.0,Rock Gaming,30.0,ForTheDream,40,40,60,84,57,95,88,13,30,20,35,1
36,59.0,Rock Gaming,30.0,ForTheDream,33,60,30,65,8,49,16,64,51,54,43,1
37,35.0,Immortals,16.0,Team Liquid,68,3,86,47,8,78,9,88,87,96,12,0
38,9.0,Gambit Esports,34.0,M19,28,38,60,37,1,9,63,112,16,13,6,1
39,16.0,Team Liquid,35.0,Immortals,54,40,31,62,109,20,47,86,107,13,93,1
41,9.0,Gambit Esports,34.0,M19,26,63,71,66,65,35,107,37,43,108,93,1
42,16.0,Team Liquid,12.0,Newbee,72,3,14,36,1,88,112,71,55,72,11,1
43,12.0,Newbee,16.0,Team Liquid,86,20,112,47,44,2,71,53,86,78,52,0
44,24.0,Eclipse,30.0,ForTheDream,62,62,64,30,114,39,71,20,86,104,4,0
45,24.0,Eclipse,30.0,ForTheDream,36,64,32,50,109,114,51,92,4,40,25,0
46,81.0,Team VDuoBao,51.0,Team Braveheart,41,85,44,20,40,100,6,92,13,84,4,1
47,51.0,Team Braveheart,81.0,Team VDuoBao,49,38,20,84,109,36,30,62,16,9,81,0
48,79.0,Team Waooo,59.0,Rock Gaming,50,3,54,31,28,39,62,65,114,38,36,0
49,59.0,Rock Gaming,79.0,Team Waooo,62,28,44,85,47,75,88,16,101,36,52,0
50,59.0,Rock Gaming,79.0,Team Waooo,52,20,85,62,40,109,88,16,30,43,44,0
51,0.0,OG,11.0,Vici Gaming,49,107,78,68,94,41,85,27,69,63,76,1
52,58.0,Vici Gaming Potential,47.0,Newbee.Young,36,60,38,75,49,93,39,107,112,102,9,1
53,0.0,OG,11.0,Vici Gaming,41,47,100,110,96,17,85,27,43,97,8,0
54,58.0,Vici Gaming Potential,47.0,Newbee.Young,42,51,112,25,69,8,107,39,64,16,81,1
55,11.0,Vici Gaming,0.0,OG,73,84,76,9,26,41,112,51,13,35,20,1
56,18.0,Virtus.pro,7.0,Fnatic,53,112,7,92,94,51,47,85,45,37,73,0
57,18.0,Virtus.pro,7.0,Fnatic,38,112,92,7,109,29,53,60,27,39,36,1
58,7.0,Fnatic,18.0,Virtus.pro,61,86,78,68,12,18,85,71,27,13,44,0
59,18.0,Virtus.pro,11.0,Vici Gaming,80,84,78,26,4,9,112,14,13,1,57,0
60,18.0,Virtus.pro,11.0,Vici Gaming,47,38,85,68,13,54,30,69,58,39,109,0
61,47.0,Newbee.Young,30.0,ForTheDream,47,112,85,16,12,25,51,20,39,64,40,1
62,47.0,Newbee.Young,30.0,ForTheDream,70,3,9,68,54,60,51,112,69,11,109,0
63,47.0,Newbee.Young,30.0,ForTheDream,63,112,62,54,28,17,88,68,39,69,81,0
64,81.0,Team VDuoBao,59.0,Rock Gaming,35,13,51,109,20,78,88,40,92,65,93,0
65,59.0,Rock Gaming,81.0,Team VDuoBao,50,51,54,28,75,47,16,64,20,44,106,1
66,58.0,Vici Gaming Potential,79.0,Team Waooo,31,28,85,13,1,40,51,39,9,87,60,1
67,79.0,Team Waooo,58.0,Vici Gaming Potential,24,85,112,43,1,16,9,28,64,12,78,0
68,59.0,Rock Gaming,30.0,ForTheDream,32,13,88,112,63,46,26,78,54,90,39,1
69,35.0,Immortals,54.0,SG e-sports team,54,47,100,1,13,68,62,86,15,16,81,0
70,59.0,Rock Gaming,30.0,ForTheDream,54,85,20,112,38,25,65,64,109,75,74,0
71,7.0,Fnatic,0.0,OG,41,78,51,87,109,40,60,27,15,53,49,0
72,59.0,Rock Gaming,30.0,ForTheDream,73,20,30,45,44,23,31,28,7,35,81,0
73,54.0,SG e-sports team,18.0,Virtus.pro,54,3,38,28,54,9,62,50,16,52,12,0
74,12.0,Newbee,0.0,OG,49,84,86,96,93,15,3,9,60,114,2,1
75,12.0,Newbee,18.0,Virtus.pro,32,3,53,28,20,87,84,9,97,44,50,1
76,16.0,Team Liquid,11.0,Vici Gaming,52,86,107,39,98,80,84,78,9,49,110,1
77,16.0,Team Liquid,11.0,Vici Gaming,49,3,66,47,97,114,83,86,13,18,61,1
78,12.0,Newbee,11.0,Vici Gaming,59,112,86,29,36,109,3,16,97,70,52,0
79,79.0,Team Waooo,30.0,ForTheDream,64,64,107,36,78,63,84,9,58,65,76,0
80,12.0,Newbee,11.0,Vici Gaming,45,85,57,7,76,20,16,68,18,65,94,1
81,79.0,Team Waooo,30.0,ForTheDream,69,85,65,4,12,27,53,84,39,92,72,0
82,12.0,Newbee,11.0,Vici Gaming,90,85,97,87,43,41,68,107,39,57,42,0
83,16.0,Team Liquid,11.0,Vici Gaming,54,86,43,51,1,29,3,60,103,11,70,0
84,16.0,Team Liquid,11.0,Vici Gaming,78,5,28,53,44,39,3,78,52,13,81,0
85,11.0,Vici Gaming,16.0,Team Liquid,43,86,51,42,43,65,68,60,69,77,93,0
86,11.0,Vici Gaming,16.0,Team Liquid,46,38,86,28,63,17,80,7,90,78,46,0
87,16.0,Team Liquid,11.0,Vici Gaming,38,107,78,83,74,54,84,97,27,1,13,1
89,58.0,Vici Gaming Potential,30.0,ForTheDream,67,20,60,87,104,46,39,107,9,84,41,1
90,30.0,ForTheDream,58.0,Vici Gaming Potential,52,85,13,112,28,54,84,39,86,1,69,0
91,58.0,Vici Gaming Potential,30.0,ForTheDream,54,9,51,101,53,43,31,60,39,12,114,0
92,58.0,Vici Gaming Potential,30.0,ForTheDream,46,9,51,92,57,49,4,71,39,55,86,1
93,27.0,Mid or Feed,8.0,Vega Squadron,44,31,100,88,94,9,51,112,13,57,67,1
94,27.0,Mid or Feed,8.0,Vega Squadron,39,3,71,97,44,22,86,60,16,35,20,0
95,17.0,Natus Vincere,21.0,Team Empire,35,3,69,15,65,39,58,20,107,37,43,1
96,21.0,Team Empire,17.0,Natus Vincere,47,112,85,53,47,44,20,58,87,39,94,0
101,26.0,EHOME,11.0,Vici Gaming,53,60,13,86,54,44,87,78,28,80,46,0
102,15.0,VGJ Thunder,5.0,LGD-GAMING,38,107,92,87,49,36,7,13,30,80,98,0
104,5.0,LGD-GAMING,15.0,VGJ Thunder,31,112,7,13,8,15,88,9,79,108,52,1
105,5.0,LGD-GAMING,11.0,Vici Gaming,60,112,92,51,62,4,84,76,64,72,61,0
106,5.0,LGD-GAMING,11.0,Vici Gaming,66,112,51,22,95,28,84,72,13,41,101,0
109,1.0,Team Secret,21.0,Team Empire,65,78,69,87,35,42,30,7,47,53,1,1
111,21.0,Team Empire,1.0,Team Secret,53,78,68,107,18,9,30,7,96,8,34,0
112,1.0,Team Secret,8.0,Vega Squadron,54,3,51,39,1,57,30,7,47,65,82,0
113,21.0,Team Empire,9.0,Gambit Esports,76,58,64,4,65,40,16,112,9,114,54,1
114,8.0,Vega Squadron,1.0,Team Secret,71,60,3,13,54,46,22,71,96,80,43,0
115,21.0,Team Empire,9.0,Gambit Esports,51,16,66,50,109,75,107,79,48,2,34,1
116,27.0,Mid or Feed,18.0,Virtus.pro,54,3,78,16,114,74,51,112,13,104,48,0
117,21.0,Team Empire,8.0,Vega Squadron,51,107,68,44,104,9,112,16,53,20,49,1
118,27.0,Mid or Feed,18.0,Virtus.pro,55,112,107,57,20,75,51,68,39,41,113,1
119,21.0,Team Empire,8.0,Vega Squadron,49,107,53,75,15,8,27,88,85,18,61,1
122,15.0,VGJ Thunder,26.0,EHOME,58,107,68,18,39,29,62,43,64,38,17,0
128,15.0,VGJ Thunder,26.0,EHOME,58,78,50,63,91,19,107,43,87,97,1,1
130,15.0,VGJ Thunder,26.0,EHOME,49,43,64,16,76,29,107,112,4,65,109,0
131,5.0,LGD-GAMING,26.0,EHOME,43,3,43,18,100,12,107,92,53,6,52,1
133,5.0,LGD-GAMING,26.0,EHOME,57,60,9,87,1,103,64,14,55,47,73,1
135,16.0,Team Liquid,0.0,OG,48,84,65,50,6,9,79,7,52,80,39,1
138,0.0,OG,16.0,Team Liquid,63,84,38,26,34,54,85,86,13,109,22,0
139,9.0,Gambit Esports,8.0,Vega Squadron,48,16,79,48,98,13,3,7,104,54,34,1
141,9.0,Gambit Esports,8.0,Vega Squadron,63,16,68,88,76,114,85,3,94,104,15,0
142,21.0,Team Empire,16.0,Team Liquid,40,112,80,86,108,98,38,75,16,44,17,0
143,21.0,Team Empire,16.0,Team Liquid,50,112,54,28,17,22,38,58,79,40,18,0
144,9.0,Gambit Esports,8.0,Vega Squadron,45,3,78,23,44,9,107,79,53,63,49,0
145,1.0,Team Secret,27.0,Mid or Feed,49,7,53,111,17,48,68,41,16,43,78,1
146,1.0,Team Secret,27.0,Mid or Feed,40,7,30,54,49,29,88,64,13,63,94,1
147,39.0,Execration,41.0,Happy Feet,55,38,112,19,39,36,30,7,20,108,94,0
148,39.0,Execration,41.0,Happy Feet,38,19,75,78,1,39,112,13,14,57,109,1
149,39.0,Execration,41.0,Happy Feet,66,112,71,57,36,46,75,39,63,86,78,1
151,53.0,Entity Gaming,7.0,Fnatic,60,78,75,4,16,40,107,7,60,54,34,0
155,53.0,Entity Gaming,7.0,Fnatic,78,3,60,40,109,104,7,39,112,1,22,1
156,53.0,Entity Gaming,7.0,Fnatic,33,112,107,54,57,49,39,88,75,65,93,0
157,39.0,Execration,7.0,Fnatic,41,112,107,54,57,39,75,13,78,14,1,0
158,39.0,Execration,7.0,Fnatic,43,78,86,40,28,39,107,57,84,63,49,0
159,27.0,Mid or Feed,38.0,PENTA Sports,39,31,107,96,10,102,3,13,7,54,68,0
160,17.0,Natus Vincere,16.0,Team Liquid,55,38,20,88,47,37,112,7,39,77,81,0
161,38.0,PENTA Sports,27.0,Mid or Feed,57,31,7,55,54,9,107,13,75,80,36,1
162,17.0,Natus Vincere,16.0,Team Liquid,28,107,43,102,55,44,20,58,60,47,18,1
163,10.0,HellRaisers,63.0,Team Singularity,45,3,13,85,63,36,20,7,77,57,17,1
164,1.0,Team Secret,0.0,OG,71,60,78,87,54,34,26,62,96,8,1,1
165,63.0,Team Singularity,10.0,HellRaisers,53,112,88,54,65,17,16,64,4,100,25,0
166,0.0,OG,1.0,Team Secret,96,107,50,18,65,4,30,28,29,20,17,0
167,72.0,DotA Mastery,9.0,Gambit Esports,53,16,112,13,36,47,9,28,3,55,34,0
168,22.0,Sacred,82.0,Elite Wolves,26,112,107,8,97,25,78,31,69,9,18,1
169,9.0,Gambit Esports,72.0,DotA Mastery,51,71,72,86,20,57,16,3,13,109,69,1
170,38.0,PENTA Sports,10.0,HellRaisers,21,64,51,97,44,92,75,7,54,96,43,0
171,1.0,Team Secret,18.0,Virtus.pro,44,112,71,55,1,15,86,5,29,17,80,0
172,22.0,Sacred,82.0,Elite Wolves,35,68,88,63,61,82,31,13,9,3,7,1
173,10.0,HellRaisers,38.0,PENTA Sports,31,31,107,77,101,69,7,3,9,33,61,1
174,1.0,Team Secret,18.0,Virtus.pro,76,86,57,89,9,48,84,78,50,114,35,1
180,24.0,Eclipse,45.0,Sun Gaming,59,86,87,97,44,72,38,32,50,59,34,1
181,5.0,LGD-GAMING,12.0,Newbee,38,107,53,101,49,12,38,3,39,16,98,0
182,45.0,Sun Gaming,24.0,Eclipse,46,107,87,57,76,20,86,13,23,114,94,0
183,12.0,Newbee,5.0,LGD-GAMING,71,112,13,71,4,39,72,84,26,9,53,1
184,79.0,Team Waooo,59.0,Rock Gaming,47,60,31,23,35,77,7,87,43,57,72,0
185,23.0,Invictus Gaming,11.0,Vici Gaming,68,16,9,26,46,15,112,86,13,97,12,0
186,59.0,Rock Gaming,79.0,Team Waooo,49,13,30,107,29,67,62,9,1,64,69,0
187,41.0,Happy Feet,53.0,Entity Gaming,33,38,86,51,70,76,27,54,7,108,49,1
188,23.0,Invictus Gaming,11.0,Vici Gaming,39,16,9,101,18,13,112,28,78,72,46,0
189,41.0,Happy Feet,53.0,Entity Gaming,70,112,39,107,20,98,38,63,87,14,34,0
190,55.0,KEEN GAMING,24.0,Eclipse,54,107,87,43,72,108,13,3,7,78,1,0
191,41.0,Happy Feet,53.0,Entity Gaming,46,60,4,26,98,49,13,86,71,81,76,1
192,24.0,Eclipse,55.0,KEEN GAMING,54,112,78,20,86,49,79,9,16,29,15,0
194,41.0,Happy Feet,39.0,Execration,43,38,86,107,25,36,112,39,104,28,48,0
195,15.0,VGJ Thunder,12.0,Newbee,53,3,1,87,25,29,85,39,28,63,114,0
196,39.0,Execration,41.0,Happy Feet,60,13,83,86,49,81,107,39,3,9,114,0
198,39.0,Execration,41.0,Happy Feet,86,13,83,51,63,7,28,20,64,55,106,1
199,9.0,Gambit Esports,21.0,Team Empire,30,16,13,50,94,2,107,79,96,8,76,0
200,60.0,TSHOW RISING,54.0,SG e-sports team,36,107,50,29,1,39,64,28,55,114,76,0
201,1.0,Team Secret,17.0,Natus Vincere,26,30,7,8,57,15,20,60,65,18,34,1
202,60.0,TSHOW RISING,54.0,SG e-sports team,50,38,50,72,107,13,85,16,86,52,47,0
204,27.0,Mid or Feed,63.0,Team Singularity,47,107,53,54,87,13,7,30,39,29,56,1
208,8.0,Vega Squadron,16.0,Team Liquid,72,112,7,45,47,95,68,16,57,39,10,1
209,27.0,Mid or Feed,63.0,Team Singularity,48,112,20,107,17,80,68,41,16,9,61,1
212,16.0,Team Liquid,8.0,Vega Squadron,66,3,107,45,54,9,79,16,52,4,94,1
213,54.0,SG e-sports team,61.0,Bulls,86,112,71,53,9,15,107,3,13,44,96,1
214,82.0,Elite Wolves,64.0,MAD KINGS,33,31,69,90,12,91,85,27,114,65,94,1
215,82.0,Elite Wolves,64.0,MAD KINGS,84,31,57,21,41,23,68,7,13,109,106,1
216,22.0,Sacred,82.0,Elite Wolves,31,85,58,86,95,39,71,68,48,53,25,1
217,82.0,Elite Wolves,22.0,Sacred,55,31,95,97,114,28,62,69,91,59,39,0
218,4.0,LGD.Forever Young,11.0,Vici Gaming,37,38,16,50,63,43,79,78,52,10,13,1
219,4.0,LGD.Forever Young,11.0,Vici Gaming,49,38,16,9,25,37,79,78,43,103,18,0
220,30.0,ForTheDream,58.0,Vici Gaming Potential,57,9,23,92,63,38,107,39,112,78,1,1
221,4.0,LGD.Forever Young,11.0,Vici Gaming,45,38,16,50,72,39,79,78,23,109,104,1
223,85.0,CDEC.Avenger,55.0,KEEN GAMING,27,38,88,87,54,76,72,84,86,108,15,0
224,15.0,VGJ Thunder,11.0,Vici Gaming,61,112,78,16,39,77,84,72,87,69,49,0
226,55.0,KEEN GAMING,85.0,CDEC.Avenger,75,112,65,13,85,81,16,30,14,4,1,1
227,15.0,VGJ Thunder,11.0,Vici Gaming,45,112,39,51,6,40,3,78,88,9,12,1
229,39.0,Execration,6.0,Mineski.???,81,112,60,7,34,20,107,64,13,48,22,0
230,15.0,VGJ Thunder,11.0,Vici Gaming,77,38,68,89,34,72,43,16,87,104,63,1
231,59.0,Rock Gaming,58.0,Vici Gaming Potential,31,51,9,87,49,29,13,107,30,38,98,0
232,17.0,Natus Vincere,34.0,M19,70,85,87,47,60,41,91,51,16,63,11,1
233,58.0,Vici Gaming Potential,59.0,Rock Gaming,75,60,23,68,74,81,84,9,39,41,100,0
234,6.0,Mineski.???,39.0,Execration,79,88,31,65,40,94,28,64,114,21,62,0
235,12.0,Newbee,4.0,LGD.Forever Young,50,38,28,75,42,35,16,9,50,69,98,1
236,27.0,Mid or Feed,38.0,PENTA Sports,63,31,97,71,54,36,7,30,39,29,109,1
237,34.0,M19,17.0,Natus Vincere,54,38,91,88,54,17,112,69,39,78,61,1
238,39.0,Execration,6.0,Mineski.???,71,85,13,26,92,12,20,28,31,88,34,0
239,4.0,LGD.Forever Young,12.0,Newbee,63,84,65,107,49,20,3,9,63,16,15,1
240,27.0,Mid or Feed,38.0,PENTA Sports,46,20,52,107,43,102,16,30,39,57,44,0
241,34.0,M19,17.0,Natus Vincere,37,112,58,88,47,1,69,75,45,16,48,0
242,29.0,TNC Pro Team,7.0,Fnatic,52,7,75,15,104,17,107,3,100,109,74,0
244,4.0,LGD.Forever Young,12.0,Newbee,37,84,72,26,57,44,85,13,107,15,70,1
245,27.0,Mid or Feed,38.0,PENTA Sports,49,31,55,28,9,77,41,68,16,39,33,0
246,3.0,Effect,8.0,Vega Squadron,52,86,68,96,1,47,112,88,13,54,76,1
247,29.0,TNC Pro Team,7.0,Fnatic,56,7,3,74,54,89,19,78,39,87,15,0
249,57.0,mousesports,10.0,HellRaisers,36,62,92,107,55,44,53,71,39,87,4,0
250,27.0,Mid or Feed,0.0,OG,62,38,7,30,46,20,79,48,88,13,98,0
252,8.0,Vega Squadron,3.0,Effect,46,3,84,20,47,2,86,71,97,44,34,0
256,57.0,mousesports,10.0,HellRaisers,52,62,27,39,65,10,107,37,7,92,1,0
257,27.0,Mid or Feed,0.0,OG,53,78,75,17,54,26,112,85,16,106,48,0
259,13.0,OpTic Gaming,31.0,compLexity Gaming,32,112,60,95,98,97,53,16,23,9,52,0
262,17.0,Natus Vincere,3.0,Effect,46,86,68,15,96,36,91,107,47,78,81,1
263,13.0,OpTic Gaming,31.0,compLexity Gaming,46,112,17,86,88,44,53,16,26,43,80,1
266,17.0,Natus Vincere,3.0,Effect,69,112,107,51,39,12,38,101,71,63,17,1
267,13.0,OpTic Gaming,31.0,compLexity Gaming,43,86,17,58,78,57,23,16,68,81,15,0
270,14.0,Evil Geniuses,2.0,Digital Chaos,39,89,9,101,43,41,13,84,86,19,53,1
274,14.0,Evil Geniuses,2.0,Digital Chaos,44,60,58,29,94,72,38,84,54,28,35,1
275,54.0,SG e-sports team,22.0,Sacred,54,31,28,54,39,104,107,53,66,52,15,0
276,22.0,Sacred,54.0,SG e-sports team,50,31,51,63,17,41,16,64,53,4,106,1
277,13.0,OpTic Gaming,2.0,Digital Chaos,39,38,51,87,47,19,30,7,39,44,29,0
278,12.0,Newbee,15.0,VGJ Thunder,58,84,13,107,78,12,3,16,40,41,74,1
279,45.0,Sun Gaming,85.0,CDEC.Avenger,62,51,65,5,17,18,86,13,63,7,9,1
280,15.0,VGJ Thunder,12.0,Newbee,42,39,7,6,26,49,13,107,92,44,43,0
281,85.0,CDEC.Avenger,45.0,Sun Gaming,49,86,16,109,108,101,107,112,38,41,35,0
282,6.0,Mineski.???,7.0,Fnatic,73,7,63,84,89,17,85,78,26,28,34,1
283,12.0,Newbee,4.0,LGD.Forever Young,51,107,111,72,29,46,16,68,53,54,98,0
284,6.0,Mineski.???,7.0,Fnatic,44,3,51,13,98,18,7,86,14,63,76,1
285,4.0,LGD.Forever Young,12.0,Newbee,33,112,86,70,29,17,84,57,20,58,49,1
286,85.0,CDEC.Avenger,47.0,Newbee.Young,41,78,13,16,80,85,53,71,4,86,17,1
287,6.0,Mineski.???,7.0,Fnatic,62,84,100,87,39,54,51,75,9,19,44,0
288,12.0,Newbee,4.0,LGD.Forever Young,34,16,50,13,54,94,38,28,20,26,46,1
289,47.0,Newbee.Young,85.0,CDEC.Avenger,43,62,16,64,12,4,107,39,78,30,18,1
290,4.0,LGD.Forever Young,12.0,Newbee,39,107,77,20,29,50,43,111,28,78,98,0
291,6.0,Mineski.???,7.0,Fnatic,31,3,16,18,17,92,51,87,78,34,94,0
292,12.0,Newbee,4.0,LGD.Forever Young,63,43,112,16,69,72,75,107,104,18,68,0
294,7.0,Fnatic,6.0,Mineski.???,48,112,51,57,34,54,78,64,16,20,94,1
295,22.0,Sacred,52.0,Infamous,29,31,53,86,39,15,84,57,26,44,13,1
298,22.0,Sacred,52.0,Infamous,55,13,51,30,104,48,26,85,16,8,47,0
300,52.0,Infamous,22.0,Sacred,43,3,7,38,70,9,71,68,41,75,76,1
302,21.0,Team Empire,17.0,Natus Vincere,68,38,47,87,51,1,107,78,30,15,81,1
303,14.0,Evil Geniuses,31.0,compLexity Gaming,40,85,86,25,13,56,68,16,47,23,46,0
304,52.0,Infamous,54.0,SG e-sports team,66,28,9,27,16,109,84,13,86,20,74,0
305,14.0,Evil Geniuses,31.0,compLexity Gaming,52,86,84,13,72,43,16,23,112,92,35,1
306,17.0,Natus Vincere,21.0,Team Empire,75,38,30,51,11,12,107,78,47,86,72,1
308,52.0,Infamous,54.0,SG e-sports team,57,28,39,27,46,20,51,68,13,16,81,1
310,14.0,Evil Geniuses,31.0,compLexity Gaming,40,86,13,58,19,94,16,68,85,81,9,1
311,52.0,Infamous,54.0,SG e-sports team,52,13,28,50,78,81,85,26,57,4,70,1
312,31.0,compLexity Gaming,2.0,Digital Chaos,28,20,64,13,18,25,53,28,50,43,72,1
313,52.0,Infamous,22.0,Sacred,64,112,51,25,8,7,78,85,39,87,80,0
314,2.0,Digital Chaos,31.0,compLexity Gaming,47,112,51,38,94,17,64,23,19,91,2,0
315,22.0,Sacred,52.0,Infamous,57,68,107,16,81,46,51,86,13,8,97,1
316,14.0,Evil Geniuses,31.0,compLexity Gaming,40,84,19,68,29,39,38,112,43,100,67,1
317,52.0,Infamous,22.0,Sacred,55,112,53,28,46,54,68,7,1,13,106,1
318,14.0,Evil Geniuses,31.0,compLexity Gaming,42,64,83,15,65,42,13,84,112,48,102,1
319,22.0,Sacred,52.0,Infamous,58,7,90,57,93,106,26,13,16,15,2,1
325,41.0,Happy Feet,39.0,Execration,98,112,40,107,114,39,19,13,86,98,1,0
326,47.0,Newbee.Young,24.0,Eclipse,70,107,87,43,72,108,69,13,84,112,94,1
330,39.0,Execration,41.0,Happy Feet,75,57,39,3,28,67,107,31,47,16,73,0
332,24.0,Eclipse,47.0,Newbee.Young,48,78,85,87,43,36,79,9,16,108,34,0
334,39.0,Execration,41.0,Happy Feet,60,78,31,16,54,43,60,107,86,8,9,1
336,39.0,Execration,6.0,Mineski.???,68,107,78,64,109,43,88,3,96,54,35,1
338,6.0,Mineski.???,39.0,Execration,77,85,96,87,20,74,112,39,19,28,12,1
339,6.0,Mineski.???,39.0,Execration,52,13,84,64,54,114,39,107,87,96,81,1
341,21.0,Team Empire,17.0,Natus Vincere,35,20,58,60,46,12,79,41,23,39,94,0
343,17.0,Natus Vincere,21.0,Team Empire,46,38,60,87,18,49,30,107,39,19,29,1
344,38.0,PENTA Sports,0.0,OG,32,60,13,87,4,94,3,55,28,77,34,0
345,38.0,PENTA Sports,0.0,OG,67,38,52,51,10,57,79,48,88,96,74,0
346,8.0,Vega Squadron,18.0,Virtus.pro,52,84,29,16,15,9,19,79,107,69,13,0
347,18.0,Virtus.pro,8.0,Vega Squadron,29,3,57,60,49,48,86,84,96,39,10,1
349,68.0,BLUE PIKACHU,2.0,Digital Chaos,43,112,19,84,61,13,78,86,83,47,18,0
351,68.0,BLUE PIKACHU,2.0,Digital Chaos,29,3,19,16,98,57,27,38,51,20,70,0
353,28.0,VGJ.Storm,43.0,Team Leviathan,49,86,71,13,48,108,91,39,107,16,94,1
354,43.0,Team Leviathan,28.0,VGJ.Storm,53,3,57,28,13,67,107,39,87,53,77,0
355,28.0,VGJ.Storm,2.0,Digital Chaos,49,57,51,87,39,18,15,68,84,81,47,0
356,2.0,Digital Chaos,28.0,VGJ.Storm,56,28,86,43,109,102,3,13,16,54,74,0
357,28.0,VGJ.Storm,2.0,Digital Chaos,39,3,107,13,109,22,28,38,50,43,18,0
361,45.0,Sun Gaming,55.0,KEEN GAMING,75,86,51,54,11,110,84,72,26,108,13,0
363,55.0,KEEN GAMING,45.0,Sun Gaming,34,51,87,63,49,29,16,20,40,12,76,1
364,29.0,TNC Pro Team,36.0,WarriorsGaming.Unity,33,19,75,7,43,13,107,3,69,54,94,1
365,36.0,WarriorsGaming.Unity,29.0,TNC Pro Team,54,57,100,68,81,109,15,3,23,69,9,0
369,4.0,LGD.Forever Young,11.0,Vici Gaming,63,38,84,79,35,93,3,103,18,34,104,1
372,29.0,TNC Pro Team,7.0,Fnatic,29,100,86,15,74,19,84,57,28,9,94,1
374,4.0,LGD.Forever Young,11.0,Vici Gaming,39,84,72,87,39,103,3,16,29,43,114,0
375,29.0,TNC Pro Team,7.0,Fnatic,73,107,69,111,59,77,84,100,87,20,82,1
376,47.0,Newbee.Young,55.0,KEEN GAMING,52,78,3,23,54,17,16,101,72,13,41,1
378,4.0,LGD.Forever Young,11.0,Vici Gaming,71,84,72,30,49,53,85,29,87,54,34,0
379,55.0,KEEN GAMING,47.0,Newbee.Young,66,3,28,80,65,9,62,69,112,15,34,0
380,5.0,LGD-GAMING,12.0,Newbee,63,16,57,87,43,113,86,28,63,69,35,0
381,12.0,Newbee,5.0,LGD-GAMING,56,84,39,28,114,65,107,68,101,29,93,0
384,12.0,Newbee,5.0,LGD-GAMING,50,112,72,51,17,69,88,92,78,39,42,0
385,17.0,Natus Vincere,18.0,Virtus.pro,37,20,58,51,17,94,19,84,68,54,1,1
387,16.0,Team Liquid,1.0,Team Secret,29,86,5,19,98,17,28,79,39,77,46,1
388,17.0,Natus Vincere,18.0,Virtus.pro,50,79,9,107,48,13,20,58,60,39,6,0
389,1.0,Team Secret,16.0,Team Liquid,59,7,39,80,90,9,30,51,38,72,6,1
391,17.0,Natus Vincere,18.0,Virtus.pro,49,112,58,28,94,39,71,20,69,87,61,0
393,27.0,Mid or Feed,16.0,Team Liquid,41,51,30,9,1,69,60,68,85,36,109,0
394,17.0,Natus Vincere,18.0,Virtus.pro,43,79,23,53,18,43,91,107,13,12,17,0
395,2.0,Digital Chaos,43.0,Team Leviathan,38,57,60,87,109,20,28,86,69,47,94,1
396,27.0,Mid or Feed,16.0,Team Liquid,63,112,51,54,98,17,91,19,110,57,88,0
397,27.0,Mid or Feed,17.0,Natus Vincere,54,112,19,88,65,43,64,60,55,28,35,0
399,43.0,Team Leviathan,68.0,BLUE PIKACHU,90,19,78,27,68,43,60,37,98,20,34,1
400,27.0,Mid or Feed,17.0,Natus Vincere,52,112,19,88,45,11,64,7,65,20,35,0
401,43.0,Team Leviathan,28.0,VGJ.Storm,30,112,51,16,17,93,28,78,86,72,76,0
404,28.0,VGJ.Storm,68.0,BLUE PIKACHU,34,19,15,86,69,9,28,57,79,48,39,1
405,68.0,BLUE PIKACHU,28.0,VGJ.Storm,59,112,107,54,17,16,62,64,9,8,69,0
406,79.0,Team Waooo,30.0,ForTheDream,35,23,79,20,49,13,84,43,86,19,69,1
407,30.0,ForTheDream,79.0,Team Waooo,76,3,69,49,86,109,85,39,114,30,74,0
408,45.0,Sun Gaming,47.0,Newbee.Young,31,60,86,1,108,101,78,112,16,109,47,0
412,47.0,Newbee.Young,45.0,Sun Gaming,55,78,86,54,85,35,57,16,43,101,72,0
416,29.0,TNC Pro Team,6.0,Mineski.???,35,84,19,20,29,34,112,38,28,54,11,0
417,59.0,Rock Gaming,30.0,ForTheDream,57,88,111,78,12,46,38,87,100,20,74,0
418,5.0,LGD-GAMING,11.0,Vici Gaming,43,112,13,100,97,114,68,51,29,35,19,1
419,29.0,TNC Pro Team,6.0,Mineski.???,44,60,91,71,12,109,85,19,39,54,98,1
420,30.0,ForTheDream,59.0,Rock Gaming,43,38,39,23,68,81,112,16,86,8,76,1
421,11.0,Vici Gaming,5.0,LGD-GAMING,67,112,29,27,17,76,84,72,87,41,36,0
422,29.0,TNC Pro Team,6.0,Mineski.???,73,84,34,87,18,78,91,71,88,109,22,1
424,56.0,Double Dimension,34.0,M19,42,112,43,71,54,13,78,19,68,39,12,1
425,34.0,M19,56.0,Double Dimension,69,112,51,49,65,34,58,3,13,15,67,0
426,16.0,Team Liquid,18.0,Virtus.pro,51,3,51,72,7,55,60,68,2,61,94,0
429,16.0,Team Liquid,18.0,Virtus.pro,75,3,60,70,79,52,86,107,57,20,76,1
432,17.0,Natus Vincere,18.0,Virtus.pro,47,20,107,63,17,30,51,87,53,4,49,1
434,17.0,Natus Vincere,18.0,Virtus.pro,64,107,57,50,63,39,85,20,53,68,41,1
435,63.0,Team Singularity,66.0,No Creativity,45,3,16,65,35,98,107,27,80,29,76,1
436,13.0,OpTic Gaming,28.0,VGJ.Storm,38,19,28,64,1,13,16,89,31,36,4,1
438,13.0,OpTic Gaming,28.0,VGJ.Storm,32,19,91,107,53,35,16,85,27,43,95,0
440,2.0,Digital Chaos,31.0,compLexity Gaming,29,57,51,87,46,44,53,3,13,6,40,0
441,31.0,compLexity Gaming,2.0,Digital Chaos,66,20,37,16,12,32,112,51,39,54,98,1
442,35.0,Immortals,2.0,Digital Chaos,45,86,94,100,29,39,38,51,79,9,34,0
443,35.0,Immortals,2.0,Digital Chaos,58,19,3,16,39,29,28,79,100,72,34,0
444,85.0,CDEC.Avenger,24.0,Eclipse,38,88,87,65,43,19,16,86,114,63,40,0
445,24.0,Eclipse,85.0,CDEC.Avenger,38,51,15,27,109,39,107,57,68,81,34,0
457,0.0,OG,27.0,Mid or Feed,42,112,13,27,1,40,68,41,16,45,11,1
458,28.0,VGJ.Storm,2.0,Digital Chaos,57,3,13,60,18,58,16,39,75,77,29,0
459,27.0,Mid or Feed,0.0,OG,50,85,53,3,98,106,84,27,96,61,17,0
460,28.0,VGJ.Storm,2.0,Digital Chaos,58,60,13,87,10,78,79,28,48,16,43,1
461,17.0,Natus Vincere,0.0,OG,52,85,13,27,94,108,79,51,53,47,44,0
462,28.0,VGJ.Storm,2.0,Digital Chaos,31,60,91,16,17,93,79,28,43,29,48,1
463,17.0,Natus Vincere,0.0,OG,37,112,60,69,54,43,107,78,87,80,12,1
464,35.0,Immortals,31.0,compLexity Gaming,64,112,13,51,89,54,16,68,47,23,18,0
465,35.0,Immortals,31.0,compLexity Gaming,45,20,38,3,11,36,86,85,57,93,35,1
466,31.0,compLexity Gaming,35.0,Immortals,32,84,15,58,46,100,86,57,51,9,11,1
467,35.0,Immortals,31.0,compLexity Gaming,57,64,53,16,39,41,57,84,26,93,72,0
468,29.0,TNC Pro Team,7.0,Fnatic,37,84,109,51,39,27,57,107,22,72,12,0
469,29.0,TNC Pro Team,7.0,Fnatic,41,85,80,26,39,108,107,7,37,72,13,0
472,6.0,Mineski.???,41.0,Happy Feet,37,38,83,26,54,46,60,13,86,19,12,1
473,41.0,Happy Feet,6.0,Mineski.???,51,84,64,114,46,96,13,20,85,16,63,0
475,29.0,TNC Pro Team,41.0,Happy Feet,45,60,86,19,39,51,84,20,88,35,81,1
477,41.0,Happy Feet,29.0,TNC Pro Team,66,84,109,7,34,26,57,39,86,100,67,1
478,72.0,DotA Mastery,66.0,No Creativity,58,85,13,87,1,39,72,28,86,57,41,1
479,29.0,TNC Pro Team,41.0,Happy Feet,59,84,28,65,94,15,112,100,81,104,17,1
481,47.0,Newbee.Young,59.0,Rock Gaming,47,51,64,100,47,4,69,3,107,39,18,1
482,59.0,Rock Gaming,47.0,Newbee.Young,55,69,86,16,47,1,68,7,104,74,81,0
483,6.0,Mineski.???,7.0,Fnatic,39,107,40,31,19,9,100,85,87,43,41,1
484,7.0,Fnatic,6.0,Mineski.???,45,84,100,38,39,54,107,20,37,9,29,1
485,24.0,Eclipse,30.0,ForTheDream,54,84,19,87,29,94,39,23,79,38,93,1
486,6.0,Mineski.???,7.0,Fnatic,42,84,39,64,102,28,51,85,38,74,15,0
487,30.0,ForTheDream,24.0,Eclipse,79,3,15,69,28,11,57,87,83,19,34,0
488,6.0,Mineski.???,29.0,TNC Pro Team,51,107,30,65,12,15,85,87,94,20,61,0
489,6.0,Mineski.???,29.0,TNC Pro Team,50,51,72,75,19,74,100,85,65,77,9,0
490,7.0,Fnatic,29.0,TNC Pro Team,27,85,107,39,55,63,100,13,15,86,69,0
493,29.0,TNC Pro Team,7.0,Fnatic,24,100,39,30,12,63,51,85,38,94,17,0
494,7.0,Fnatic,29.0,TNC Pro Team,45,100,57,88,17,94,107,65,37,8,93,1
495,54.0,SG e-sports team,11.0,Vici Gaming,39,79,103,29,17,18,16,50,97,9,93,0
496,1.0,Team Secret,5.0,LGD-GAMING,30,19,62,26,43,108,16,50,69,17,98,1
497,5.0,LGD-GAMING,1.0,Team Secret,67,19,30,88,76,39,29,86,16,11,12,1
498,54.0,SG e-sports team,11.0,Vici Gaming,57,86,62,15,17,16,3,103,57,39,81,0
500,4.0,LGD.Forever Young,31.0,compLexity Gaming,53,38,107,20,87,44,23,64,19,91,100,1
501,45.0,Sun Gaming,79.0,Team Waooo,51,84,86,78,35,42,27,57,43,23,76,1
503,4.0,LGD.Forever Young,31.0,compLexity Gaming,43,84,15,58,29,46,19,57,30,28,43,1
504,79.0,Team Waooo,45.0,Sun Gaming,51,86,94,51,20,108,85,72,88,39,12,1
505,8.0,Vega Squadron,11.0,Vici Gaming,41,3,57,51,17,54,79,28,78,48,43,0
506,45.0,Sun Gaming,79.0,Team Waooo,47,86,54,51,34,96,85,72,43,100,67,1
507,6.0,Mineski.???,1.0,Team Secret,44,19,107,58,65,35,100,31,15,69,43,1
508,8.0,Vega Squadron,11.0,Vici Gaming,36,85,57,20,35,28,84,72,43,27,38,0
510,55.0,KEEN GAMING,58.0,Vici Gaming Potential,80,88,43,78,110,17,112,38,20,69,49,1
511,1.0,Team Secret,6.0,Mineski.???,43,19,100,50,1,9,86,40,85,15,46,1
512,4.0,LGD.Forever Young,54.0,SG e-sports team,43,112,28,97,1,39,16,68,72,51,49,1
514,54.0,SG e-sports team,4.0,LGD.Forever Young,51,60,19,30,35,58,84,16,108,43,113,1
516,58.0,Vici Gaming Potential,55.0,KEEN GAMING,49,51,72,3,11,29,84,41,110,39,9,0
518,31.0,compLexity Gaming,8.0,Vega Squadron,36,84,72,13,102,70,3,19,100,57,47,1
519,31.0,compLexity Gaming,8.0,Vega Squadron,58,112,72,88,47,107,68,16,13,23,18,1
520,6.0,Mineski.???,12.0,Newbee,56,107,13,31,114,15,57,86,88,98,46,0
521,12.0,Newbee,6.0,Mineski.???,44,84,39,16,12,65,51,20,87,74,19,1
523,9.0,Gambit Esports,63.0,Team Singularity,81,16,26,54,17,53,84,13,86,100,94,0
524,9.0,Gambit Esports,63.0,Team Singularity,30,16,13,50,81,61,79,28,69,9,94,1
525,9.0,Gambit Esports,56.0,Double Dimension,45,112,66,13,54,97,58,79,9,107,98,0
526,56.0,Double Dimension,9.0,Gambit Esports,59,16,68,51,1,49,112,78,19,39,54,0
527,56.0,Double Dimension,9.0,Gambit Esports,85,112,65,84,109,43,79,107,88,9,67,0
529,4.0,LGD.Forever Young,11.0,Vici Gaming,55,112,43,51,19,29,3,16,69,39,93,1
530,4.0,LGD.Forever Young,11.0,Vici Gaming,49,60,72,50,49,69,85,87,54,2,15,1
532,5.0,LGD-GAMING,12.0,Newbee,61,51,29,87,11,41,84,38,110,93,39,0
533,54.0,SG e-sports team,31.0,compLexity Gaming,32,84,13,68,6,40,50,72,51,29,12,0
534,31.0,compLexity Gaming,54.0,SG e-sports team,66,3,7,9,29,54,13,20,75,38,93,0
535,12.0,Newbee,5.0,LGD-GAMING,57,112,28,16,12,34,62,68,39,107,10,0
536,59.0,Rock Gaming,30.0,ForTheDream,53,84,19,101,104,75,107,57,13,87,70,0
538,4.0,LGD.Forever Young,8.0,Vega Squadron,41,68,29,100,43,54,51,19,30,103,94,1
539,30.0,ForTheDream,59.0,Rock Gaming,45,60,23,30,18,101,39,85,111,20,49,1
541,8.0,Vega Squadron,4.0,LGD.Forever Young,37,38,50,54,28,106,30,72,2,71,76,1
542,6.0,Mineski.???,5.0,LGD-GAMING,53,62,112,114,43,104,84,71,69,40,94,1
544,31.0,compLexity Gaming,11.0,Vici Gaming,47,112,28,63,17,108,53,16,72,21,45,0
546,49.0,Fire Dragoon,36.0,WarriorsGaming.Unity,81,51,39,87,15,7,85,100,13,9,94,1
547,58.0,Vici Gaming Potential,79.0,Team Waooo,9,60,84,40,94,58,107,43,50,29,93,0
548,5.0,LGD-GAMING,6.0,Mineski.???,48,107,62,15,13,78,57,86,28,35,12,0
550,31.0,compLexity Gaming,11.0,Vici Gaming,37,84,68,16,18,9,112,28,57,63,46,0
553,49.0,Fire Dragoon,36.0,WarriorsGaming.Unity,42,85,3,19,8,46,51,11,75,65,94,1
554,79.0,Team Waooo,58.0,Vici Gaming Potential,51,84,11,107,65,9,43,64,72,7,71,0
556,58.0,Vici Gaming Potential,79.0,Team Waooo,57,84,9,110,12,80,11,51,3,69,17,1
557,1.0,Team Secret,12.0,Newbee,35,100,19,30,102,10,112,38,28,54,43,1
560,54.0,SG e-sports team,8.0,Vega Squadron,45,68,43,16,102,109,60,86,28,77,94,0
562,12.0,Newbee,1.0,Team Secret,56,100,15,87,11,29,57,86,16,43,98,0
563,87.0,Signify,41.0,Happy Feet,45,112,7,69,1,43,100,55,13,64,109,0
564,39.0,Execration,80.0,Geek Fam,35,38,64,49,114,62,84,19,94,75,6,0
565,8.0,Vega Squadron,54.0,SG e-sports team,48,16,50,13,54,94,72,85,87,69,76,1
566,80.0,Geek Fam,39.0,Execration,55,13,84,86,9,47,28,20,3,39,108,0
567,87.0,Signify,41.0,Happy Feet,31,112,38,100,39,12,60,86,13,85,1,0
569,39.0,Execration,80.0,Geek Fam,54,112,60,85,49,8,75,20,84,19,98,0
570,20.0,Team. Spirit,19.0,Spartak Esports,24,112,28,94,9,38,3,69,43,88,10,1
571,34.0,M19,56.0,Double Dimension,49,78,87,60,17,20,51,112,43,28,94,0
572,20.0,Team. Spirit,19.0,Spartak Esports,68,112,51,28,43,44,79,16,17,6,57,1
575,21.0,Team Empire,90.0,Whites,39,3,51,36,43,108,107,20,53,94,79,1
577,21.0,Team Empire,90.0,Whites,28,51,80,64,57,36,38,30,91,44,72,1
579,64.0,MAD KINGS,60.0,TSHOW RISING,49,112,28,47,108,48,86,84,57,15,1,0
581,64.0,MAD KINGS,60.0,TSHOW RISING,46,71,26,97,81,43,3,13,28,6,92,1
583,64.0,MAD KINGS,60.0,TSHOW RISING,45,51,3,29,54,39,13,86,16,19,46,0
588,24.0,Eclipse,47.0,Newbee.Young,43,62,87,19,39,108,107,78,68,43,98,0
589,47.0,Newbee.Young,24.0,Eclipse,62,3,28,65,17,93,69,86,57,20,11,0
590,24.0,Eclipse,47.0,Newbee.Young,37,78,87,19,84,94,69,3,43,57,98,0
593,41.0,Happy Feet,49.0,Fire Dragoon,58,78,85,23,114,74,100,112,63,98,9,0
595,55.0,KEEN GAMING,45.0,Sun Gaming,63,3,19,16,38,44,107,13,27,15,76,0
597,41.0,Happy Feet,49.0,Fire Dragoon,60,100,88,64,39,98,85,13,23,12,69,0
600,45.0,Sun Gaming,55.0,KEEN GAMING,53,51,3,20,94,96,68,16,19,55,36,1
603,39.0,Execration,40.0,Clutch Gamers,55,19,3,72,98,7,38,84,13,64,76,1
604,17.0,Natus Vincere,57.0,mousesports,53,38,3,77,98,28,30,60,78,81,46,1
605,36.0,WarriorsGaming.Unity,87.0,Signify,38,51,85,45,15,78,84,20,62,46,108,1
606,40.0,Clutch Gamers,39.0,Execration,39,112,107,55,93,43,84,19,44,65,12,0
607,17.0,Natus Vincere,57.0,mousesports,52,112,107,63,12,13,53,60,79,48,46,1
610,20.0,Team. Spirit,3.0,Effect,46,79,23,43,38,48,84,28,17,57,63,0
611,34.0,M19,90.0,Whites,39,3,71,64,108,80,84,53,107,13,63,0
612,18.0,Virtus.pro,21.0,Team Empire,45,107,30,104,72,39,38,5,60,48,47,1
613,3.0,Effect,20.0,Team. Spirit,40,84,28,6,17,57,3,86,13,44,53,1
614,90.0,Whites,34.0,M19,42,57,107,79,48,39,60,86,71,72,47,0
615,21.0,Team Empire,18.0,Virtus.pro,29,19,84,20,75,13,41,68,71,72,29,0
616,34.0,M19,90.0,Whites,25,60,80,111,59,39,112,107,65,15,81,1
618,21.0,Team Empire,56.0,Double Dimension,52,112,16,63,46,29,79,51,13,88,94,1
620,56.0,Double Dimension,21.0,Team Empire,38,71,38,86,8,49,87,16,13,104,35,0
621,22.0,Sacred,67.0,STARS e-Sports,45,3,9,16,80,39,20,112,51,86,17,0
624,22.0,Sacred,67.0,STARS e-Sports,62,3,107,63,7,17,20,13,72,28,94,1
625,22.0,Sacred,67.0,STARS e-Sports,52,60,65,26,1,43,78,50,16,93,46,1
627,1.0,Team Secret,31.0,compLexity Gaming,30,64,53,16,81,40,15,19,88,66,55,0
628,61.0,Bulls,64.0,MAD KINGS,44,64,28,43,54,65,16,68,47,96,41,1
630,61.0,Bulls,64.0,MAD KINGS,62,112,107,104,34,109,60,3,53,39,67,0
631,1.0,Team Secret,31.0,compLexity Gaming,24,53,28,37,98,72,62,30,29,12,52,1
632,1.0,Team Secret,31.0,compLexity Gaming,43,53,19,16,27,40,62,30,15,57,94,1
633,6.0,Mineski.???,11.0,Vici Gaming,55,107,13,85,114,94,28,50,29,72,17,0
634,11.0,Vici Gaming,6.0,Mineski.???,46,84,20,51,90,11,28,29,68,13,10,1
637,1.0,Team Secret,11.0,Vici Gaming,35,86,57,84,19,13,3,103,78,109,46,0
639,1.0,Team Secret,11.0,Vici Gaming,38,51,29,64,17,6,79,16,57,93,49,0
643,41.0,Happy Feet,36.0,WarriorsGaming.Unity,27,84,88,54,65,17,71,55,39,50,12,0
645,17.0,Natus Vincere,18.0,Virtus.pro,57,112,60,72,55,49,58,27,16,47,63,1
646,41.0,Happy Feet,36.0,WarriorsGaming.Unity,64,88,39,86,69,72,85,71,45,15,9,0
647,18.0,Virtus.pro,17.0,Natus Vincere,31,38,19,87,107,57,30,60,78,39,41,0
648,17.0,Natus Vincere,18.0,Virtus.pro,50,27,30,11,19,58,60,38,47,51,54,0
652,18.0,Virtus.pro,17.0,Natus Vincere,75,84,47,5,70,38,27,58,60,11,81,0
655,34.0,M19,56.0,Double Dimension,47,78,87,44,71,9,27,107,53,8,49,1
656,56.0,Double Dimension,34.0,M19,52,112,53,27,72,40,79,78,16,19,17,1
657,72.0,DotA Mastery,37.0,Team Doggie,59,107,50,13,51,10,28,72,75,108,86,1
658,34.0,M19,56.0,Double Dimension,46,79,16,65,1,9,112,78,85,63,49,1
659,72.0,DotA Mastery,56.0,Double Dimension,87,79,72,60,54,57,112,107,65,19,10,0
664,4.0,LGD.Forever Young,12.0,Newbee,37,16,43,87,10,69,30,19,110,41,33,1
665,12.0,Newbee,4.0,LGD.Forever Young,51,16,94,75,81,51,43,111,88,65,114,1
666,12.0,Newbee,4.0,LGD.Forever Young,43,16,65,79,10,25,57,15,87,7,93,1
671,49.0,Fire Dragoon,36.0,WarriorsGaming.Unity,68,78,60,30,63,76,51,45,16,15,40,1
674,36.0,WarriorsGaming.Unity,49.0,Fire Dragoon,68,85,20,86,47,53,51,11,69,60,93,1
676,49.0,Fire Dragoon,36.0,WarriorsGaming.Unity,49,60,39,112,1,9,20,51,45,107,49,1
682,34.0,M19,21.0,Team Empire,56,112,60,39,104,93,79,16,65,9,41,0
683,21.0,Team Empire,34.0,M19,57,38,51,68,88,94,30,72,16,13,12,1
684,20.0,Team. Spirit,3.0,Effect,30,27,28,72,29,34,58,30,81,16,74,1
685,3.0,Effect,20.0,Team. Spirit,39,86,68,13,10,47,30,28,78,15,109,0
686,67.0,STARS e-Sports,22.0,Sacred,51,112,28,78,15,76,64,19,27,104,11,0
687,64.0,MAD KINGS,60.0,TSHOW RISING,30,30,28,29,63,47,16,38,64,59,39,0
688,6.0,Mineski.???,31.0,compLexity Gaming,36,64,19,91,70,102,71,112,54,29,39,0
689,60.0,TSHOW RISING,64.0,MAD KINGS,54,85,16,64,17,72,86,9,79,43,104,1
690,8.0,Vega Squadron,4.0,LGD.Forever Young,25,57,20,58,49,30,68,19,86,69,70,0
694,1.0,Team Secret,4.0,LGD.Forever Young,49,19,68,60,49,103,29,30,88,40,94,0
695,1.0,Team Secret,4.0,LGD.Forever Young,37,19,29,107,43,86,71,22,45,99,94,0
697,37.0,Team Doggie,38.0,PENTA Sports,25,112,40,16,76,102,60,65,3,106,1,0
698,27.0,Mid or Feed,63.0,Team Singularity,58,38,3,72,14,25,30,85,102,39,94,0
699,38.0,PENTA Sports,37.0,Team Doggie,53,84,112,97,94,69,27,16,58,57,15,1
700,27.0,Mid or Feed,63.0,Team Singularity,106,112,20,85,17,54,68,41,16,9,63,0
710,35.0,Immortals,88.0,Starboyz,54,84,13,86,57,48,78,87,51,19,109,1
712,88.0,Starboyz,35.0,Immortals,29,84,85,15,38,46,57,86,72,30,65,0
715,12.0,Newbee,11.0,Vici Gaming,40,3,103,17,54,88,84,13,107,106,19,0
716,12.0,Newbee,11.0,Vici Gaming,44,84,29,86,76,48,112,28,98,13,109,1
718,12.0,Newbee,11.0,Vici Gaming,32,112,43,28,78,80,57,15,16,87,94,1
721,4.0,LGD.Forever Young,31.0,compLexity Gaming,23,19,60,50,65,44,13,112,28,6,29,0
722,4.0,LGD.Forever Young,31.0,compLexity Gaming,36,68,49,107,72,65,64,16,47,66,8,1
723,4.0,LGD.Forever Young,31.0,compLexity Gaming,60,71,68,45,54,15,30,72,16,29,35,1
726,4.0,LGD.Forever Young,11.0,Vici Gaming,35,84,35,30,57,41,3,29,51,39,10,0
728,4.0,LGD.Forever Young,11.0,Vici Gaming,27,84,20,69,58,98,3,29,13,81,85,0
735,10.0,HellRaisers,63.0,Team Singularity,36,79,72,28,55,39,112,53,17,84,8,1
736,38.0,PENTA Sports,57.0,mousesports,41,78,112,54,88,13,27,16,65,102,41,0
737,10.0,HellRaisers,63.0,Team Singularity,48,38,3,9,4,28,79,72,107,47,2,0
738,38.0,PENTA Sports,57.0,mousesports,55,112,40,107,43,4,60,3,57,44,36,0
739,10.0,HellRaisers,63.0,Team Singularity,57,16,53,79,72,39,87,62,18,29,49,1
746,88.0,Starboyz,68.0,BLUE PIKACHU,42,57,64,100,94,98,15,86,84,13,34,0
748,68.0,BLUE PIKACHU,88.0,Starboyz,59,64,100,9,15,98,43,28,30,29,93,0
751,68.0,BLUE PIKACHU,88.0,Starboyz,36,64,28,9,94,78,100,43,3,102,48,1
758,12.0,Newbee,11.0,Vici Gaming,57,84,72,39,65,51,85,30,38,34,63,1
759,12.0,Newbee,11.0,Vici Gaming,43,112,54,16,17,110,84,72,102,28,46,1
760,12.0,Newbee,11.0,Vici Gaming,71,85,39,71,10,55,84,12,13,16,104,1
765,37.0,Team Doggie,38.0,PENTA Sports,36,27,107,58,8,15,84,13,86,72,29,0
766,38.0,PENTA Sports,37.0,Team Doggie,39,30,107,78,8,97,31,16,51,54,10,1
767,68.0,BLUE PIKACHU,35.0,Immortals,50,86,51,94,6,60,28,79,13,48,78,0
768,35.0,Immortals,68.0,BLUE PIKACHU,26,100,86,9,69,1,107,3,29,39,48,1
772,55.0,KEEN GAMING,30.0,ForTheDream,21,84,39,107,109,78,3,7,43,19,98,1
773,30.0,ForTheDream,55.0,KEEN GAMING,62,60,68,19,52,108,3,29,12,28,9,1
774,55.0,KEEN GAMING,30.0,ForTheDream,45,60,68,43,78,41,84,29,39,72,111,1
778,38.0,PENTA Sports,57.0,mousesports,50,27,57,16,44,94,79,23,114,38,36,1
779,38.0,PENTA Sports,57.0,mousesports,61,27,29,23,43,63,31,51,97,94,70,1
786,49.0,Fire Dragoon,7.0,Fnatic,28,84,38,100,94,99,13,69,15,27,1,0
787,58.0,Vici Gaming Potential,24.0,Eclipse,64,3,39,14,65,8,19,84,16,64,63,1
788,49.0,Fire Dragoon,7.0,Fnatic,51,78,51,13,86,93,7,100,112,99,17,0
789,24.0,Eclipse,58.0,Vici Gaming Potential,44,3,85,11,93,108,16,30,9,29,17,1
790,24.0,Eclipse,58.0,Vici Gaming Potential,14,3,39,84,1,69,51,11,85,101,82,1
791,80.0,Geek Fam,6.0,Mineski.???,44,88,94,19,39,112,79,103,28,35,41,1
793,80.0,Geek Fam,6.0,Mineski.???,44,112,60,43,64,8,13,3,9,103,98,0
794,80.0,Geek Fam,6.0,Mineski.???,50,112,43,71,108,72,60,13,27,15,74,0
795,24.0,Eclipse,55.0,KEEN GAMING,115,62,19,30,69,39,71,13,15,27,49,0
796,17.0,Natus Vincere,20.0,Team. Spirit,92,79,81,16,9,55,27,60,47,29,18,0
797,7.0,Fnatic,6.0,Mineski.???,39,112,51,99,94,107,62,69,79,9,12,0
798,7.0,Fnatic,6.0,Mineski.???,57,51,65,85,17,99,100,69,13,79,48,0
800,21.0,Team Empire,8.0,Vega Squadron,39,3,16,38,9,72,15,71,86,103,49,1
801,21.0,Team Empire,8.0,Vega Squadron,77,107,72,87,9,57,78,27,51,11,8,1
804,20.0,Team. Spirit,21.0,Team Empire,42,3,38,16,9,44,84,28,6,17,40,1
805,21.0,Team Empire,20.0,Team. Spirit,82,112,16,54,49,69,58,27,88,63,39,0
807,35.0,Immortals,13.0,OpTic Gaming,35,60,3,51,10,52,64,28,48,79,88,0
809,13.0,OpTic Gaming,35.0,Immortals,27,91,19,107,4,69,90,16,100,43,42,1
812,28.0,VGJ.Storm,31.0,compLexity Gaming,44,112,19,28,35,103,3,16,43,48,51,0
813,31.0,compLexity Gaming,28.0,VGJ.Storm,37,91,100,65,12,54,72,30,85,20,102,1
815,45.0,Sun Gaming,47.0,Newbee.Young,75,57,86,63,71,34,15,88,112,69,22,1
816,47.0,Newbee.Young,45.0,Sun Gaming,32,3,57,100,17,63,112,51,38,39,94,0
817,55.0,KEEN GAMING,47.0,Newbee.Young,61,112,78,7,39,19,107,68,15,43,98,0
818,47.0,Newbee.Young,55.0,KEEN GAMING,58,60,16,75,20,94,57,15,86,100,76,1
823,1.0,Team Secret,38.0,PENTA Sports,70,16,52,58,54,39,62,30,19,65,94,1
824,1.0,Team Secret,38.0,PENTA Sports,40,31,78,51,81,69,15,57,84,13,72,0
826,38.0,PENTA Sports,1.0,Team Secret,56,3,78,103,34,80,31,81,107,55,94,0
831,31.0,compLexity Gaming,13.0,OpTic Gaming,55,112,3,65,1,9,16,68,15,29,18,0
833,13.0,OpTic Gaming,31.0,compLexity Gaming,42,84,72,16,12,62,3,100,78,48,49,1
834,45.0,Sun Gaming,47.0,Newbee.Young,35,60,86,96,15,94,16,30,43,29,48,1
835,47.0,Newbee.Young,45.0,Sun Gaming,68,84,78,13,86,1,16,68,63,69,49,0
838,9.0,Gambit Esports,56.0,Double Dimension,47,16,13,87,6,53,79,9,107,38,34,1
839,56.0,Double Dimension,9.0,Gambit Esports,71,51,13,64,15,11,79,48,69,57,43,0
840,22.0,Sacred,54.0,SG e-sports team,40,16,68,29,19,39,86,7,65,8,46,1
841,54.0,SG e-sports team,22.0,Sacred,25,16,13,75,8,85,51,64,55,11,54,1
842,54.0,SG e-sports team,22.0,Sacred,49,16,26,43,8,108,7,17,86,78,15,0
847,18.0,Virtus.pro,17.0,Natus Vincere,49,85,61,87,76,88,27,16,63,98,46,1
848,16.0,Team Liquid,7.0,Fnatic,51,100,103,3,109,74,79,107,15,102,10,1
849,18.0,Virtus.pro,17.0,Natus Vincere,76,85,57,87,94,15,27,51,47,69,10,0
850,7.0,Fnatic,16.0,Team Liquid,39,112,80,60,65,72,38,100,37,99,17,0
851,18.0,Virtus.pro,17.0,Natus Vincere,38,112,53,28,48,52,60,27,63,43,81,1
852,52.0,Infamous,12.0,Newbee,38,16,43,26,85,93,3,28,13,54,94,0
854,12.0,Newbee,52.0,Infamous,29,84,40,88,15,46,13,68,7,54,17,1
855,14.0,Evil Geniuses,1.0,Team Secret,51,86,43,14,98,80,91,19,112,51,34,0
857,17.0,Natus Vincere,7.0,Fnatic,60,112,84,7,35,72,85,30,47,45,41,1
858,1.0,Team Secret,14.0,Evil Geniuses,31,19,91,27,29,77,78,16,68,80,49,1
859,17.0,Natus Vincere,7.0,Fnatic,50,112,84,7,74,99,107,27,63,17,19,0
860,16.0,Team Liquid,18.0,Virtus.pro,49,19,91,50,15,13,20,47,31,38,109,0
861,17.0,Natus Vincere,7.0,Fnatic,44,3,88,78,10,46,84,13,37,38,109,1
862,18.0,Virtus.pro,16.0,Team Liquid,46,79,107,53,77,34,60,27,48,78,17,0
863,14.0,Evil Geniuses,52.0,Infamous,29,29,3,107,109,39,87,28,102,48,98,1
864,18.0,Virtus.pro,16.0,Team Liquid,54,19,91,86,88,72,5,60,63,43,28,0
865,52.0,Infamous,14.0,Evil Geniuses,41,3,69,10,100,9,79,16,38,94,6,0
866,1.0,Team Secret,12.0,Newbee,22,84,86,102,94,59,112,29,107,43,114,1
867,1.0,Team Secret,12.0,Newbee,36,57,28,30,94,63,3,107,48,13,12,1
872,14.0,Evil Geniuses,18.0,Virtus.pro,77,112,72,107,65,94,85,27,13,43,63,1
873,18.0,Virtus.pro,14.0,Evil Geniuses,43,112,28,29,77,43,86,60,13,72,34,0
874,12.0,Newbee,17.0,Natus Vincere,57,3,16,65,9,12,30,51,47,88,93,1
875,17.0,Natus Vincere,12.0,Newbee,59,3,51,104,109,22,84,40,107,4,17,1
877,12.0,Newbee,17.0,Natus Vincere,47,3,11,23,20,108,84,39,107,29,48,0
878,16.0,Team Liquid,1.0,Team Secret,30,84,80,26,94,102,91,19,57,30,76,1
879,16.0,Team Liquid,1.0,Team Secret,62,62,78,30,54,52,19,91,100,69,74,0
880,1.0,Team Secret,16.0,Team Liquid,54,86,84,10,39,114,3,103,15,104,11,1
881,17.0,Natus Vincere,14.0,Evil Geniuses,38,3,57,28,48,49,16,27,78,47,12,0
882,17.0,Natus Vincere,14.0,Evil Geniuses,33,84,57,86,72,98,27,85,78,109,22,0
884,16.0,Team Liquid,14.0,Evil Geniuses,41,79,16,65,48,13,107,112,51,47,12,1
885,16.0,Team Liquid,14.0,Evil Geniuses,22,112,28,29,1,39,68,60,40,102,10,1
887,16.0,Team Liquid,1.0,Team Secret,96,79,80,90,88,72,103,87,29,63,23,0
888,1.0,Team Secret,16.0,Team Liquid,73,112,54,60,34,110,16,80,68,29,113,1
891,1.0,Team Secret,16.0,Team Liquid,42,86,15,3,108,95,57,20,85,53,6,1
917,72.0,DotA Mastery,9.0,Gambit Esports,41,3,18,85,34,7,16,53,57,72,45,0
918,9.0,Gambit Esports,72.0,DotA Mastery,68,3,13,100,102,54,16,72,64,108,63,1
922,36.0,WarriorsGaming.Unity,38.0,PENTA Sports,46,84,15,28,55,81,85,57,87,20,76,1
923,38.0,PENTA Sports,36.0,WarriorsGaming.Unity,61,84,15,90,49,19,57,27,107,20,34,0
946,5.0,LGD-GAMING,4.0,LGD.Forever Young,34,84,57,60,63,49,39,89,68,81,98,0
947,52.0,Infamous,29.0,TNC Pro Team,72,51,65,101,94,109,16,112,39,102,1,0
948,26.0,EHOME,0.0,OG,32,3,103,13,94,6,86,15,51,108,1,0
949,18.0,Virtus.pro,28.0,VGJ.Storm,45,16,68,104,54,94,107,64,72,27,76,0
950,4.0,LGD.Forever Young,0.0,OG,55,107,15,87,72,53,78,100,27,11,61,0
951,26.0,EHOME,52.0,Infamous,42,84,15,26,104,63,79,16,43,65,10,1
952,17.0,Natus Vincere,5.0,LGD-GAMING,69,107,57,87,72,47,88,112,41,38,11,1
953,28.0,VGJ.Storm,29.0,TNC Pro Team,51,60,15,88,34,5,28,112,39,12,69,0
954,4.0,LGD.Forever Young,26.0,EHOME,65,84,19,78,17,27,16,68,65,48,94,0
955,28.0,VGJ.Storm,52.0,Infamous,40,103,13,68,81,35,100,30,49,63,17,1
956,17.0,Natus Vincere,0.0,OG,52,3,16,63,34,38,79,103,96,43,10,0
957,5.0,LGD-GAMING,18.0,Virtus.pro,81,30,89,11,28,8,112,88,19,51,46,1
958,26.0,EHOME,28.0,VGJ.Storm,48,16,68,85,109,106,84,15,13,27,76,1
959,17.0,Natus Vincere,4.0,LGD.Forever Young,62,103,43,112,10,41,51,27,49,65,12,0
960,5.0,LGD-GAMING,29.0,TNC Pro Team,66,62,15,16,13,75,89,11,30,100,41,0
961,18.0,Virtus.pro,0.0,OG,50,3,51,11,16,49,79,103,13,46,114,1
962,17.0,Natus Vincere,26.0,EHOME,47,86,57,64,43,19,112,28,114,65,35,1
963,18.0,Virtus.pro,4.0,LGD.Forever Young,31,84,72,29,49,111,112,60,65,47,10,1
970,5.0,LGD-GAMING,52.0,Infamous,45,112,28,60,48,12,84,39,68,10,49,0
973,29.0,TNC Pro Team,0.0,OG,87,107,65,49,15,101,100,27,13,8,11,0
976,18.0,Virtus.pro,17.0,Natus Vincere,60,103,87,15,46,57,112,16,88,43,48,1
977,5.0,LGD-GAMING,28.0,VGJ.Storm,45,15,57,87,16,12,39,107,65,81,30,1
979,4.0,LGD.Forever Young,29.0,TNC Pro Team,52,100,15,88,11,86,16,112,65,39,10,0
980,52.0,Infamous,0.0,OG,63,100,78,30,6,72,27,57,10,107,47,1
982,26.0,EHOME,18.0,Virtus.pro,38,27,60,48,61,38,16,68,94,65,18,0
983,17.0,Natus Vincere,29.0,TNC Pro Team,28,112,23,108,49,10,62,16,19,86,59,1
985,28.0,VGJ.Storm,0.0,OG,49,79,107,88,12,43,112,51,65,20,109,0
986,52.0,Infamous,4.0,LGD.Forever Young,80,107,68,19,69,75,16,43,27,33,48,0
988,18.0,Virtus.pro,29.0,TNC Pro Team,45,100,13,84,15,12,79,16,20,78,61,1
989,5.0,LGD-GAMING,26.0,EHOME,25,79,10,85,9,78,16,65,60,76,94,0
991,4.0,LGD.Forever Young,28.0,VGJ.Storm,39,3,100,69,17,63,103,79,39,48,49,1
992,52.0,Infamous,17.0,Natus Vincere,43,27,60,65,10,9,51,30,15,29,93,0
993,29.0,TNC Pro Team,26.0,EHOME,38,84,78,107,1,9,88,68,51,10,49,1
994,0.0,OG,5.0,LGD-GAMING,70,107,39,84,18,53,91,19,27,78,49,1
995,28.0,VGJ.Storm,17.0,Natus Vincere,62,79,88,49,65,94,13,103,86,15,93,0
996,18.0,Virtus.pro,52.0,Infamous,50,3,16,102,76,48,112,28,57,10,34,0
1001,0.0,OG,17.0,Natus Vincere,77,27,100,13,11,89,107,86,63,78,12,1
1002,17.0,Natus Vincere,0.0,OG,40,112,28,15,12,88,100,68,69,94,19,0
1003,18.0,Virtus.pro,29.0,TNC Pro Team,59,51,68,69,49,11,112,58,13,20,81,0
1004,18.0,Virtus.pro,29.0,TNC Pro Team,33,88,68,100,34,109,112,16,20,38,46,0
1005,29.0,TNC Pro Team,0.0,OG,35,100,51,101,109,17,103,3,10,57,19,0
1006,0.0,OG,29.0,TNC Pro Team,47,79,107,78,19,74,103,86,49,69,13,1
1007,72.0,DotA Mastery,63.0,Team Singularity,68,38,58,107,114,106,79,103,63,104,15,0
1018,32.0,iG.Vitality,59.0,Rock Gaming,17,107,65,76,20,48,23,27,102,72,35,1
1019,89.0,Quid Pro Quo,41.0,Happy Feet,42,100,39,86,12,69,58,51,87,43,82,0
1021,59.0,Rock Gaming,32.0,iG.Vitality,48,88,13,75,29,1,107,68,41,72,34,0
1024,39.0,Execration,41.0,Happy Feet,55,13,100,85,47,10,19,3,51,72,11,0
1041,73.0,CDEC Gaming,47.0,Newbee.Young,33,16,68,41,34,19,86,15,57,100,67,1
1057,32.0,iG.Vitality,26.0,EHOME,46,79,10,52,28,53,16,112,69,11,109,0
1058,26.0,EHOME,32.0,iG.Vitality,49,57,60,87,72,19,16,68,58,41,35,1
1069,22.0,Sacred,18.0,Virtus.pro,32,68,13,107,48,17,85,10,87,94,49,0
1070,18.0,Virtus.pro,22.0,Sacred,55,16,88,55,19,15,27,13,100,8,7,1
1071,22.0,Sacred,18.0,Virtus.pro,48,68,100,57,41,72,86,51,19,13,78,0
1075,45.0,Sun Gaming,77.0,LYG.Gaming,49,100,57,76,64,80,107,16,114,27,34,1
1076,77.0,LYG.Gaming,45.0,Sun Gaming,69,15,16,101,39,7,30,29,100,43,41,0
1083,5.0,LGD-GAMING,13.0,OpTic Gaming,29,84,60,57,46,59,13,88,29,10,85,0
1084,5.0,LGD-GAMING,13.0,OpTic Gaming,54,112,16,19,88,48,60,68,13,94,81,0
1085,5.0,LGD-GAMING,13.0,OpTic Gaming,41,84,94,20,54,102,51,11,65,110,114,0
1086,14.0,Evil Geniuses,31.0,compLexity Gaming,43,112,94,51,104,63,3,19,78,65,46,1
1087,14.0,Evil Geniuses,31.0,compLexity Gaming,37,52,29,91,76,48,107,112,102,19,34,1
1088,14.0,Evil Geniuses,31.0,compLexity Gaming,41,112,6,51,11,28,107,94,71,108,80,0
1089,7.0,Fnatic,13.0,OpTic Gaming,30,103,86,108,12,72,112,28,13,6,17,0
1090,13.0,OpTic Gaming,7.0,Fnatic,58,79,38,94,52,72,103,86,19,12,108,0
1091,7.0,Fnatic,13.0,OpTic Gaming,38,79,94,13,19,51,68,100,57,6,34,1
1101,22.0,Sacred,0.0,OG,47,3,107,15,39,29,100,27,57,43,1,0
1103,0.0,OG,22.0,Sacred,35,79,107,94,13,8,112,16,29,34,109,1
1104,22.0,Sacred,0.0,OG,35,27,78,11,19,86,57,84,51,46,39,0
1105,7.0,Fnatic,5.0,LGD-GAMING,44,100,12,87,29,63,64,65,16,94,52,1
1106,7.0,Fnatic,5.0,LGD-GAMING,55,100,68,108,42,34,112,88,48,28,17,1
1108,5.0,LGD-GAMING,7.0,Fnatic,44,5,69,78,11,76,86,103,108,63,46,0
1109,18.0,Virtus.pro,0.0,OG,50,79,94,103,13,49,68,19,57,86,10,1
1110,18.0,Virtus.pro,0.0,OG,48,79,78,11,89,27,68,60,51,34,54,1
1111,18.0,Virtus.pro,0.0,OG,81,100,79,14,94,87,112,19,62,13,113,1
1114,13.0,OpTic Gaming,31.0,compLexity Gaming,33,112,100,39,65,12,58,28,11,107,6,1
1115,31.0,compLexity Gaming,13.0,OpTic Gaming,49,68,10,86,49,78,100,30,39,77,34,1
1116,31.0,compLexity Gaming,13.0,OpTic Gaming,49,16,12,45,87,70,68,100,108,72,52,1
1117,14.0,Evil Geniuses,0.0,OG,52,100,27,8,13,35,28,87,29,15,12,0
1119,0.0,OG,14.0,Evil Geniuses,35,79,94,28,6,41,27,19,88,57,113,1
1121,0.0,OG,31.0,compLexity Gaming,35,13,62,112,15,12,107,79,49,102,1,1
1124,0.0,OG,31.0,compLexity Gaming,47,19,100,110,13,109,28,112,69,43,18,0
1125,0.0,OG,31.0,compLexity Gaming,40,112,107,78,61,17,13,28,53,69,99,1
1130,37.0,Team Doggie,9.0,Gambit Esports,36,85,57,63,35,65,94,30,69,86,12,0
1132,9.0,Gambit Esports,37.0,Team Doggie,42,27,16,104,46,54,30,72,100,19,33,1
1135,0.0,OG,7.0,Fnatic,40,60,108,112,63,43,89,19,79,78,74,1
1136,7.0,Fnatic,0.0,OG,39,84,57,86,63,46,107,78,10,3,61,1
1137,7.0,Fnatic,0.0,OG,32,100,112,13,18,108,86,84,12,102,94,1
1138,7.0,Fnatic,18.0,Virtus.pro,47,86,84,108,76,42,79,107,10,49,61,0
1139,18.0,Virtus.pro,7.0,Fnatic,46,3,107,15,78,11,86,103,29,109,12,0
1140,7.0,Fnatic,18.0,Virtus.pro,58,68,107,79,94,15,86,103,48,29,12,0
1141,7.0,Fnatic,18.0,Virtus.pro,48,60,34,30,2,114,27,16,38,61,48,0
1142,73.0,CDEC Gaming,26.0,EHOME,58,62,27,18,49,96,60,3,12,94,98,0
1143,26.0,EHOME,73.0,CDEC Gaming,66,60,19,92,34,64,68,14,49,108,93,1
1144,73.0,CDEC Gaming,77.0,LYG.Gaming,59,3,19,39,31,104,107,68,16,49,10,1
1146,77.0,LYG.Gaming,73.0,CDEC Gaming,121,19,27,16,72,76,15,62,7,113,64,0
1149,55.0,KEEN GAMING,15.0,VGJ Thunder,36,103,27,104,94,77,3,19,43,107,41,0
1151,45.0,Sun Gaming,47.0,Newbee.Young,64,51,78,79,48,17,11,62,64,15,13,0
1152,15.0,VGJ Thunder,55.0,KEEN GAMING,39,57,27,83,11,70,103,48,86,108,34,0
1153,55.0,KEEN GAMING,15.0,VGJ Thunder,66,100,87,48,104,25,7,9,3,69,81,1
1154,47.0,Newbee.Young,45.0,Sun Gaming,45,15,87,103,12,69,107,30,65,41,34,0
1156,45.0,Sun Gaming,23.0,Invictus Gaming,19,100,15,68,55,42,51,11,87,97,109,0
1171,32.0,iG.Vitality,26.0,EHOME,69,3,19,23,69,76,86,15,29,28,63,1
1172,32.0,iG.Vitality,26.0,EHOME,35,51,11,13,70,89,100,57,68,41,46,0
1173,32.0,iG.Vitality,26.0,EHOME,34,68,10,100,49,19,27,60,69,12,15,0
1175,26.0,EHOME,59.0,Rock Gaming,61,51,11,68,14,44,60,107,30,41,13,1
1177,77.0,LYG.Gaming,47.0,Newbee.Young,65,3,100,29,49,48,19,16,32,72,30,0
1179,47.0,Newbee.Young,77.0,LYG.Gaming,74,19,16,72,86,76,3,100,94,13,41,1
1180,23.0,Invictus Gaming,55.0,KEEN GAMING,52,68,13,103,81,7,16,11,27,38,18,1
1182,55.0,KEEN GAMING,23.0,Invictus Gaming,43,68,43,23,77,38,60,27,88,11,17,0
1184,15.0,VGJ Thunder,45.0,Sun Gaming,25,57,16,19,68,94,100,27,13,10,11,1
1185,45.0,Sun Gaming,15.0,VGJ Thunder,49,100,64,78,19,10,87,16,9,38,76,0
1186,66.0,No Creativity,9.0,Gambit Esports,56,85,58,100,41,47,60,112,63,39,69,1
1187,66.0,No Creativity,9.0,Gambit Esports,34,85,38,100,12,49,60,30,51,39,1,0
1188,9.0,Gambit Esports,66.0,No Creativity,46,27,60,78,20,43,19,84,66,16,15,1
1199,55.0,KEEN GAMING,15.0,VGJ Thunder,51,100,15,84,48,78,27,57,69,9,114,1
1200,55.0,KEEN GAMING,15.0,VGJ Thunder,46,103,27,49,54,28,87,60,43,72,104,0
1201,55.0,KEEN GAMING,15.0,VGJ Thunder,79,60,77,87,69,17,19,103,78,112,49,0
1205,23.0,Invictus Gaming,15.0,VGJ Thunder,51,62,87,69,8,35,29,107,64,34,77,1
1206,21.0,Team Empire,8.0,Vega Squadron,40,27,19,86,39,53,57,30,16,11,77,1
1207,8.0,Vega Squadron,21.0,Team Empire,56,3,19,107,39,55,86,64,78,15,49,1
1208,23.0,Invictus Gaming,15.0,VGJ Thunder,45,100,27,65,77,9,16,15,64,104,8,0
1209,56.0,Double Dimension,63.0,Team Singularity,50,100,19,29,27,1,84,13,54,17,87,1
1210,8.0,Vega Squadron,21.0,Team Empire,53,3,19,51,11,88,86,27,15,29,72,0
1211,23.0,Invictus Gaming,15.0,VGJ Thunder,31,16,43,30,1,97,60,87,94,65,56,0
1212,63.0,Team Singularity,56.0,Double Dimension,56,112,28,51,8,39,100,19,31,65,76,0
1214,54.0,SG e-sports team,67.0,STARS e-Sports,48,78,84,88,94,22,69,30,13,109,11,1
1216,67.0,STARS e-Sports,54.0,SG e-sports team,28,62,30,55,93,13,71,86,113,65,49,0
1217,22.0,Sacred,60.0,TSHOW RISING,56,60,112,100,18,43,3,53,103,48,41,1
1218,60.0,TSHOW RISING,22.0,Sacred,68,57,68,16,93,76,29,86,27,70,11,1
1219,22.0,Sacred,60.0,TSHOW RISING,120,112,13,16,39,72,68,51,69,49,46,1
1224,22.0,Sacred,54.0,SG e-sports team,40,62,30,55,93,34,107,27,29,80,39,0
1225,54.0,SG e-sports team,22.0,Sacred,70,60,13,30,15,54,84,103,16,19,113,1
1226,20.0,Team. Spirit,9.0,Gambit Esports,41,16,6,30,72,38,79,57,107,61,49,0
1228,9.0,Gambit Esports,20.0,Team. Spirit,63,27,81,40,88,74,100,30,18,108,9,0
1233,9.0,Gambit Esports,20.0,Team. Spirit,70,19,81,68,86,17,15,85,103,72,7,0
1240,26.0,EHOME,11.0,Vici Gaming,49,86,83,77,43,108,19,27,47,30,52,0
1241,26.0,EHOME,11.0,Vici Gaming,50,3,77,29,76,114,19,30,49,98,33,1
1242,11.0,Vici Gaming,26.0,EHOME,29,86,83,69,54,17,51,11,78,50,61,0
1243,5.0,LGD-GAMING,15.0,VGJ Thunder,58,103,27,104,11,54,16,87,43,72,38,0
1244,5.0,LGD-GAMING,15.0,VGJ Thunder,39,100,27,104,19,94,16,13,12,79,76,0
1245,21.0,Team Empire,20.0,Team. Spirit,28,19,30,66,41,97,60,87,51,11,42,0
1246,20.0,Team. Spirit,21.0,Team Empire,93,79,107,2,49,67,30,60,41,34,45,0
1247,21.0,Team Empire,20.0,Team. Spirit,44,30,66,94,97,8,86,27,78,63,35,1
1248,59.0,Rock Gaming,47.0,Newbee.Young,37,107,104,68,109,17,84,13,30,41,76,1
1249,47.0,Newbee.Young,59.0,Rock Gaming,56,107,68,69,13,1,84,30,63,65,75,1
1250,26.0,EHOME,15.0,VGJ Thunder,28,16,72,87,76,29,58,23,27,49,59,1
1251,59.0,Rock Gaming,47.0,Newbee.Young,36,60,30,65,39,63,107,68,15,104,12,1
1252,26.0,EHOME,15.0,VGJ Thunder,48,60,94,87,8,104,19,68,43,23,29,0
1253,32.0,iG.Vitality,24.0,Eclipse,45,107,19,75,17,55,83,68,41,94,29,1
1254,26.0,EHOME,15.0,VGJ Thunder,33,100,15,30,48,65,49,68,78,60,93,0
1255,32.0,iG.Vitality,24.0,Eclipse,40,3,16,65,94,49,83,112,13,43,93,1
1262,24.0,Eclipse,47.0,Newbee.Young,35,107,78,43,12,50,85,19,101,38,11,1
1264,79.0,Team Waooo,45.0,Sun Gaming,31,60,39,30,16,96,51,11,87,61,59,1
1265,26.0,EHOME,11.0,Vici Gaming,37,87,15,78,11,89,60,57,48,86,13,0
1269,11.0,Vici Gaming,26.0,EHOME,70,103,49,43,79,88,62,13,48,30,35,1
1270,47.0,Newbee.Young,24.0,Eclipse,39,62,34,19,85,38,100,87,49,41,63,0
1272,55.0,KEEN GAMING,12.0,Newbee,52,3,107,65,47,114,84,86,19,102,76,0
1273,30.0,ForTheDream,79.0,Team Waooo,36,51,3,78,34,18,11,107,87,61,59,0
1274,84.0,TEAM EVER,26.0,EHOME,43,60,77,64,47,108,49,84,61,50,70,1
1275,12.0,Newbee,55.0,KEEN GAMING,38,100,111,72,38,11,7,68,49,13,39,1
1276,30.0,ForTheDream,79.0,Team Waooo,64,107,39,68,41,69,11,88,64,78,42,0
1277,26.0,EHOME,84.0,TEAM EVER,33,58,77,107,34,38,79,9,78,48,49,1
1278,59.0,Rock Gaming,32.0,iG.Vitality,39,60,68,41,103,17,23,27,104,77,13,0
1279,26.0,EHOME,84.0,TEAM EVER,57,100,53,98,72,43,78,79,49,103,18,0
1280,32.0,iG.Vitality,59.0,Rock Gaming,40,51,11,111,15,16,23,68,104,34,81,1
1282,30.0,ForTheDream,45.0,Sun Gaming,31,57,79,107,49,59,100,86,13,19,47,0
1283,85.0,CDEC.Avenger,55.0,KEEN GAMING,34,57,50,83,77,13,107,69,68,114,49,0
1284,26.0,EHOME,75.0,SC,55,27,48,87,41,37,51,30,49,8,60,1
1286,12.0,Newbee,58.0,Vici Gaming Potential,26,100,39,30,38,8,51,11,87,54,77,1
1287,45.0,Sun Gaming,30.0,ForTheDream,48,100,27,76,104,46,19,86,29,90,61,0
1288,85.0,CDEC.Avenger,55.0,KEEN GAMING,54,57,83,12,27,13,69,87,20,43,78,1
1289,75.0,SC,26.0,EHOME,61,51,50,29,72,20,60,30,48,65,43,1
1290,58.0,Vici Gaming Potential,12.0,Newbee,50,51,68,72,34,60,11,84,41,110,65,0
1294,30.0,ForTheDream,45.0,Sun Gaming,42,16,27,39,12,33,15,57,71,101,49,1
1297,70.0,CAVALRY,75.0,SC,46,51,11,68,81,16,30,85,104,39,48,1
1307,79.0,Team Waooo,15.0,VGJ Thunder,36,62,27,19,29,46,11,88,61,77,85,0
1308,24.0,Eclipse,23.0,Invictus Gaming,26,51,11,111,12,107,100,68,39,38,18,0
1309,84.0,TEAM EVER,11.0,Vici Gaming,37,103,77,64,104,106,79,107,38,47,114,0
1310,79.0,Team Waooo,15.0,VGJ Thunder,49,62,57,16,63,59,11,88,78,50,109,0
1311,84.0,TEAM EVER,11.0,Vici Gaming,64,77,60,66,64,59,100,29,19,30,98,0
1312,23.0,Invictus Gaming,24.0,Eclipse,35,19,85,88,43,108,100,29,64,47,114,1
1316,71.0,Team Serenity,12.0,Newbee,52,51,39,87,15,19,11,100,68,49,13,0
1320,12.0,Newbee,71.0,Team Serenity,46,88,87,89,54,76,16,68,19,104,77,1
1327,23.0,Invictus Gaming,73.0,CDEC Gaming,54,3,19,87,69,52,78,27,83,47,109,0
1328,45.0,Sun Gaming,26.0,EHOME,34,57,49,37,19,87,3,100,43,63,108,0
1330,26.0,EHOME,45.0,Sun Gaming,45,100,30,77,33,43,103,87,48,41,37,1
1333,73.0,CDEC Gaming,23.0,Invictus Gaming,33,100,87,43,19,7,27,16,13,9,18,1
1334,55.0,KEEN GAMING,71.0,Team Serenity,36,51,68,29,49,109,11,3,78,114,7,0
1338,71.0,Team Serenity,55.0,KEEN GAMING,30,60,79,15,69,94,16,68,29,81,11,0
1341,55.0,KEEN GAMING,71.0,Team Serenity,53,103,57,79,11,19,23,68,49,104,81,1
1344,11.0,Vici Gaming,70.0,CAVALRY,41,16,68,41,49,4,19,62,26,13,34,1
1345,30.0,ForTheDream,15.0,VGJ Thunder,64,100,13,68,54,76,103,27,11,78,12,1
1346,84.0,TEAM EVER,75.0,SC,35,88,112,54,13,15,58,77,64,38,16,1
1347,70.0,CAVALRY,11.0,Vici Gaming,77,51,39,110,102,93,11,100,30,65,12,0
1348,47.0,Newbee.Young,23.0,Invictus Gaming,57,62,87,51,11,54,19,68,16,69,81,0
1349,58.0,Vici Gaming Potential,71.0,Team Serenity,57,107,68,29,49,54,88,58,27,8,76,0
1350,30.0,ForTheDream,15.0,VGJ Thunder,43,84,65,19,102,43,51,11,111,29,59,0
1351,30.0,ForTheDream,15.0,VGJ Thunder,45,100,85,72,76,65,27,16,39,92,1,0
1353,9.0,Gambit Esports,37.0,Team Doggie,66,100,68,78,34,18,27,85,49,53,67,1
1355,37.0,Team Doggie,9.0,Gambit Esports,25,57,100,66,94,38,68,60,16,13,109,0
1359,12.0,Newbee,59.0,Rock Gaming,81,68,16,29,77,35,60,84,11,110,114,1
